Title,URL handle,Description,Vendor,Product category,Type,Tags,Published on online store,Status,SKU,Barcode,Option1 name,Option1 value,Option1 Linked To,Option2 name,Option2 value,Option2 Linked To,Option3 name,Option3 value,Option3 Linked To,Price,Compare-at price,Cost per item,Charge tax,Tax code,Unit price total measure,Unit price total measure unit,Unit price base measure,Unit price base measure unit,Inventory tracker,Inventory quantity,Continue selling when out of stock,Weight value (grams),Weight unit for display,Requires shipping,Fulfillment service,Product image URL,Image position,Image alt text,Variant image URL,Gift card,SEO title,SEO description,Technical Specifications (product.metafields.custom.technical_specifications),Package Contents (product.metafields.custom.package_contents),Compatibility (product.metafields.custom.compatibility),Google Shopping / Google product category,Google Shopping / Gender,Google Shopping / Age group,Google Shopping / Manufacturer part number (MPN),Google Shopping / Ad group name,Google Shopping / Ads labels,Google Shopping / Condition,Google Shopping / Custom product,Google Shopping / Custom label 0,Google Shopping / Custom label 1,Google Shopping / Custom label 2,Google Shopping / Custom label 3,Google Shopping / Custom label 4
LimiLumix FX6 Cinema Camera (Body),limilumix-fx6-cinema-camera-body,"A professional Full-Frame cinema camera featuring a 10.2MP Back-Illuminated CMOS sensor, 15+ stops of dynamic range, and high-frame-rate recording up to 4K 120fps 10-bit 4:2:2 DCI. Equipped with a revolutionary Electronic Variable ND filter and an active internal cooling system engineered for uninterrupted recording on grueling production shoots.",LimiOptics Cinema,Electronics > Video > Video Cameras,Cameras & Optics,"camera, cinema, 4k, full-frame, featured",TRUE,Active,CAM-FX6-EMOUNT,,Mount Option,Sony E-Mount,,,,,,,,79900000,88000000,60000000,TRUE,,,,,,shopify,10,DENY,890,g,TRUE,manual,https://images.unsplash.com/photo-1516035069371-29a1b244cc32?w=800&auto=format&fit=crop&q=80,1,LimiLumix FX6 Cinema Camera (Body),,FALSE,LimiLumix FX6 Cinema Camera (Body),LimiLumix FX6 Cinema Camera (Body) - Professional Cinema & Media Gear,Full-Frame 35mm BSI CMOS 10.2MP | Dual Base ISO 800/12800 | 4K 120p DCI & QFHD | 16-bit RAW SDI Output | Electronic Variable ND 1/4 to 1/128 | Fast Hybrid AF with Real-Time Eye AF,"1x FX6 Cinema Camera Body, 1x Top Handle with Dual XLR Audio Inputs, 1x 3.5"" LCD Viewfinder Monitor, 1x BP-U35 Rechargeable Lithium-Ion Battery, 1x BC-CU1 Battery Charger, 1x Body Cap.",Native Sony E-Mount; supports PL and EF cinema mounts via active adapters.,,,,,,,New,FALSE,,,,,
,limilumix-fx6-cinema-camera-body,,,,,,,,CAM-FX6-PLKIT,,,PL-Mount Adapter Kit,,,,,,,,84900000,93000000,64000000,TRUE,,,,,,shopify,8,DENY,1150,g,TRUE,manual,,,,,,,,,,,,,,,,,,,,,,,
LimiPrime 50mm T1.5 Cine Prime Lens,limiprime-50mm-t15-cine-prime-lens,A cinema prime lens with a fast T1.5 aperture offering complete Full-Frame sensor coverage. Engineered with low-dispersion ED glass elements to eliminate chromatic aberrations and minimize focus breathing during critical focus racks.,LimiOptics Cinema,Cameras & Optics > Camera & Optic Accessories > Camera & Video Camera Accessories > Camera Lenses,Cameras & Optics,"lens, cine, prime, 50mm, fast-aperture",TRUE,Active,LNS-50T15-SONYE,,Lens Mount,Sony E-Mount,,,,,,,,18500000,21000000,13000000,TRUE,,,,,,shopify,15,DENY,680,g,TRUE,manual,https://images.unsplash.com/photo-1617005082133-548c4dd27f35?w=800&auto=format&fit=crop&q=80,1,LimiPrime 50mm T1.5 Cine Prime Lens,,FALSE,LimiPrime 50mm T1.5 Cine Prime Lens,LimiPrime 50mm T1.5 Cine Prime Lens - Professional Cinema & Media Gear,Focal Length: 50mm | Maximum Aperture: T1.5 - T22 | 270° Focus Ring Rotation with 0.8 MOD Cine Gears | 14 Rounded Aperture Blades | Front Diameter: 77mm | Weight: 680g,"1x 50mm T1.5 Cine Prime Lens, 1x Machined Aluminum Lens Hood, 1x Front Protective Lens Cap, 1x Rear Lens Cap, 1x High-Density Protective Carrying Case.","Covers Full-Frame, VistaVision, and Super 35 sensor formats across selected camera mounts.",,,,,,,New,FALSE,,,,,
,limiprime-50mm-t15-cine-prime-lens,,,,,,,,LNS-50T15-CANONRF,,,Canon RF-Mount,,,,,,,,18500000,21000000,13000000,TRUE,,,,,,shopify,12,DENY,680,g,TRUE,manual,,,,,,,,,,,,,,,,,,,,,,,
,limiprime-50mm-t15-cine-prime-lens,,,,,,,,LNS-50T15-NIKONZ,,,Nikon Z-Mount,,,,,,,,18500000,21000000,13000000,TRUE,,,,,,shopify,10,DENY,680,g,TRUE,manual,,,,,,,,,,,,,,,,,,,,,,,
LimiZoom 24-70mm F2.8 Constant Zoom Lens,limizoom-24-70mm-f28-constant-zoom-lens,"An optical zoom workhorse boasting a constant F2.8 aperture across the entire 24mm wide-angle to 70mm portrait range. Features dual linear autofocus motors for silent, instantaneous tracking and built-in 5-axis optical image stabilization for handheld video capture.",LimiOptics Photo,Cameras & Optics > Camera & Optic Accessories > Camera & Video Camera Accessories > Camera Lenses,Cameras & Optics,"lens, zoom, 24-70, f2.8, versatility, featured",TRUE,Active,LNS-2470F28-SONYE,,Lens Mount,Sony E-Mount,,,,,,,,26900000,29500000,19000000,TRUE,,,,,,shopify,20,DENY,695,g,TRUE,manual,https://images.unsplash.com/photo-1606978436034-e758784d2f09?w=800&auto=format&fit=crop&q=80,1,LimiZoom 24-70mm F2.8 Constant Zoom Lens,,FALSE,LimiZoom 24-70mm F2.8 Constant Zoom Lens,LimiZoom 24-70mm F2.8 Constant Zoom Lens - Professional Cinema & Media Gear,Focal Range: 24-70mm | Constant F2.8 Aperture | 18 Elements in 13 Groups (3 XA Aspherical Elements) | IP53 Weather-Sealed Construction | Filter Thread: 82mm | Weight: 695g,"1x 24-70mm F2.8 Zoom Lens, 1x Petal-Shaped Anti-Glare Lens Hood, 1x Front Lens Cap, 1x Rear Lens Cap, 1x Padded Velvet Lens Pouch.",Full-Frame and APS-C mirrorless cameras with Sony E or Canon RF mount.,,,,,,,New,FALSE,,,,,
,limizoom-24-70mm-f28-constant-zoom-lens,,,,,,,,LNS-2470F28-CANONRF,,,Canon RF-Mount,,,,,,,,26900000,29500000,19000000,TRUE,,,,,,shopify,18,DENY,695,g,TRUE,manual,,,,,,,,,,,,,,,,,,,,,,,
LimiRetro 40MP Rangefinder Mirrorless Camera,limiretro-40mp-rangefinder-mirrorless-camera,"A street-photography rangefinder crafted with a die-cast magnesium alloy chassis. Houses a high-resolution 40.2MP back-illuminated sensor, 20 signature cinematic film simulation modes, and an ultra-fast 1/8000s mechanical shutter for capturing decisive moments.",LimiOptics Photo,Cameras & Optics > Cameras > Digital Cameras,Cameras & Optics,"camera, street-photography, mirrorless, vintage, 40mp",TRUE,Active,CAM-RF40-SILVER,,Body Color,Classic Silver,,,,,,,,38500000,42000000,27000000,TRUE,,,,,,shopify,12,DENY,520,g,TRUE,manual,https://images.unsplash.com/photo-1510127034890-ba27508e9f1c?w=800&auto=format&fit=crop&q=80,1,LimiRetro 40MP Rangefinder Mirrorless Camera,,FALSE,LimiRetro 40MP Rangefinder Mirrorless Camera,LimiRetro 40MP Rangefinder Mirrorless Camera - Professional Cinema & Media Gear,40.2MP BSI APS-C Sensor | ISO Range: 125-12800 | Hybrid Optical/Electronic Viewfinder (3.69M dots) | 180° Tilting Touchscreen | 6.2K 30p 10-bit Video Recording,"1x Rangefinder Camera Body, 1x NP-W126S Li-Ion Rechargeable Battery, 1x Handcrafted Genuine Leather Wrist Strap, 1x Metal Hot Shoe Cover, 1x Braided USB-C Cable.",Native mirrorless lens mount; compatible with X-mount lenses and M-mount adapters.,,,,,,,New,FALSE,,,,,
,limiretro-40mp-rangefinder-mirrorless-camera,,,,,,,,CAM-RF40-BLACK,,,Stealth Black,,,,,,,,38500000,42000000,27000000,TRUE,,,,,,shopify,15,DENY,520,g,TRUE,manual,,,,,,,,,,,,,,,,,,,,,,,
LimiBeam 300W Bi-Color COB Studio Light,limibeam-300w-bi-color-cob-studio-light,A broadcast-standard 300W continuous COB LED light featuring an adjustable color temperature range from 2700K to 6500K with CRI 97+ and TLCI 98+ accuracy. Built with a universal Bowens mount and an ultra-silent cooling fan rated below 20dB for sound-sensitive studio stages.,LimiLighting Studio,Cameras & Optics > Photography > Lighting & Studio > Studio Lighting,Lighting & Audio,"lighting, led, cob, 300w, studio, bi-color, featured",TRUE,Active,LGT-BM300-REFLECTOR,,Kit Option,Standard Reflector Kit,,,,,,,,11500000,13200000,7500000,TRUE,,,,,,shopify,25,DENY,3200,g,TRUE,manual,https://images.unsplash.com/photo-1579783900882-c0d3dad7b119?w=800&auto=format&fit=crop&q=80,1,LimiBeam 300W Bi-Color COB Studio Light,,FALSE,LimiBeam 300W Bi-Color COB Studio Light,LimiBeam 300W Bi-Color COB Studio Light - Professional Cinema & Media Gear,"Power Draw: 300W | CCT: 2700K - 6500K Bi-Color | Output: 48,000 Lux @ 1m (with 55° hyper-reflector) | Control: Bluetooth App & DMX512 | CRI: 97+, TLCI: 98+","1x 300W COB Light Head, 1x All-in-One Control & Power Box, 1x 55° Standard Reflector, 1x 6m Heavy-Duty AC Power Cable, 1x Rolling Shockproof Hard Transport Case.","Universal Bowens S-Mount; compatible with all industry softboxes, beauty dishes, and fresnel attachments.",,,,,,,New,FALSE,,,,,
,limibeam-300w-bi-color-cob-studio-light,,,,,,,,LGT-BM300-SOFTBOX,,,Softbox Dome Pro Kit,,,,,,,,13500000,15500000,8800000,TRUE,,,,,,shopify,20,DENY,4800,g,TRUE,manual,,,,,,,,,,,,,,,,,,,,,,,
LimiTube RGBW Pixel LED Light Bar 120cm,limitube-rgbw-pixel-led-light-bar-120cm,"A 120cm RGBW full-color pixel tube light capable of displaying 16 million colors across 16 independently addressable pixel zones. Integrated 9600mAh lithium battery delivers 2.5 hours of continuous runtime at 100% output, complemented by magnetic mounting backplates.",LimiLighting Studio,Cameras & Optics > Photography > Lighting & Studio > Studio Lighting,Lighting & Audio,"lighting, rgb, tube-light, pixel-effects, creative",TRUE,Active,LGT-TUB120-SINGLE,,Pack Configuration,Single 120cm Tube,,,,,,,,5800000,6600000,3600000,TRUE,,,,,,shopify,30,DENY,1400,g,TRUE,manual,https://images.unsplash.com/photo-1550684848-fac1c5b4e853?w=800&auto=format&fit=crop&q=80,1,LimiTube RGBW Pixel LED Light Bar 120cm,,FALSE,LimiTube RGBW Pixel LED Light Bar 120cm,LimiTube RGBW Pixel LED Light Bar 120cm - Professional Cinema & Media Gear,Internal Battery: 14.8V 9600mAh (45W USB-C PD Fast Charging) | Modes: HSI / RGBW / Color Gel Presets | 16 Addressable Pixel Zones | CRI: 96+ | IP65 Splashproof,"1x 120cm RGBW Pixel Tube Light, 2x Magnetic Mounting Brackets with 1/4""-20 Threads, 1x Foldable Floor Mini-Tripod, 1x 65W GaN Fast Charger, 1x Protective Canvas Bag.","Standard 1/4""-20 mounting threads at both ends; mounts directly onto C-Stands, magic arms, and rigging grids.",,,,,,,New,FALSE,,,,,
,limitube-rgbw-pixel-led-light-bar-120cm,,,,,,,,LGT-TUB120-2KIT,,,2-Light Kit with Hard Case,,,,,,,,10900000,12500000,6800000,TRUE,,,,,,shopify,15,DENY,3800,g,TRUE,manual,,,,,,,,,,,,,,,,,,,,,,,
LimiMic Wireless Dual Lavalier Microphone Kit,limimic-wireless-dual-lavalier-microphone-kit,"A dual-channel 2.4GHz digital wireless microphone system with adaptive frequency-hopping encryption and on-board 32-bit float audio recording, completely eliminating audio clipping and distortion even in extreme acoustic environments across a 250m line-of-sight range.",LimiAudio Gear,Electronics > Audio > Audio Components > Microphones,Lighting & Audio,"audio, microphone, wireless, dual-channel, 32-bit-float, featured",TRUE,Active,AUD-MIC2-UNIV,,Kit Edition,Universal Kit (Camera + Phone),,,,,,,,6900000,7900000,4200000,TRUE,,,,,,shopify,40,DENY,380,g,TRUE,manual,https://images.unsplash.com/photo-1590658268037-6bf12165a8df?w=800&auto=format&fit=crop&q=80,1,LimiMic Wireless Dual Lavalier Microphone Kit,,FALSE,LimiMic Wireless Dual Lavalier Microphone Kit,LimiMic Wireless Dual Lavalier Microphone Kit - Professional Cinema & Media Gear,Transmission: 2.4GHz Digital Frequency Hopping | Recording: 32-bit Float Internal | Storage: 32GB per Transmitter (40+ hrs) | Battery Life: 24 hrs with Charging Case | Latency: < 5ms,"2x Wireless Transmitters (TX), 1x Dual-Channel Receiver (RX), 1x Portable Smart Charging Case, 2x Furry Windshields, 2x Premium Omnidirectional Lavalier Mics, 3x Audio Cables (3.5mm TRS, Lightning, USB-C).","Universal compatibility with cinema cameras, DSLR/mirrorless bodies, iOS/Android smartphones, and PC/Mac workstations.",,,,,,,New,FALSE,,,,,
LimiStabilizer 3-Axis Carbon Handheld Gimbal,limistabilizer-3-axis-carbon-handheld-gimbal,"A 3-axis motorized gimbal built with lightweight carbon fiber arms supporting up to a 4.5kg payload. Features 4th-generation stabilization algorithms for high-speed tracking shots, a 1.8"" full-color OLED touchscreen, and automated automated axis locks for rapid set deployment.",LimiGear Rigging,Cameras & Optics > Camera & Optic Accessories > Tripods & Monopods > Tripod & Monopod Heads,Accessories,"gimbal, stabilizer, carbon-fiber, payload-4kg",TRUE,Active,RIG-GMB4-STANDARD,,Combo Pack,Standard Gimbal Kit,,,,,,,,12900000,14500000,8500000,TRUE,,,,,,shopify,20,DENY,1300,g,TRUE,manual,https://images.unsplash.com/photo-1589872510940-2cb039d91f86?w=800&auto=format&fit=crop&q=80,1,LimiStabilizer 3-Axis Carbon Handheld Gimbal,,FALSE,LimiStabilizer 3-Axis Carbon Handheld Gimbal,LimiStabilizer 3-Axis Carbon Handheld Gimbal - Professional Cinema & Media Gear,Tested Payload: 4.5kg (10 lbs) | Gimbal Weight: 1.3kg (Carbon Fiber Arms) | Battery: 12 hrs (24W PD Fast Charging) | Automated Axis Locks | Bluetooth Wireless Camera Shutter,"1x 3-Axis Carbon Gimbal, 1x Detachable Battery Grip, 1x Dual-Layer Arca-Swiss & Manfrotto Quick Release Plate, 1x Metal Mini Tripod, 1x EPP Custom Hard Carry Case.","Engineered for cinema and mirrorless setups: Sony FX3/FX6, Canon R5 C, Blackmagic Pocket Cinema Camera 6K Pro.",,,,,,,New,FALSE,,,,,
,limistabilizer-3-axis-carbon-handheld-gimbal,,,,,,,,RIG-GMB4-PROFOCUS,,,Pro Focus Motor Combo,,,,,,,,15500000,17200000,10000000,TRUE,,,,,,shopify,15,DENY,1750,g,TRUE,manual,,,,,,,,,,,,,,,,,,,,,,,
LimiPod Heavy-Duty Carbon Video Tripod with Fluid Head,limipod-heavy-duty-carbon-video-tripod-with-fluid-head,"A cinema-grade video tripod with 10-layer carbon fiber legs capable of supporting up to 10kg. Includes a professional fluid head with continuous counterbalance, stepless 360° pan and -75° to +90° tilt drag, and a 75mm leveling half-bowl for instant horizon adjustment.",LimiGear Rigging,Cameras & Optics > Camera & Optic Accessories > Tripods & Monopods,Accessories,"tripod, video-head, fluid-head, carbon-fiber",TRUE,Active,RIG-TPD75-CF,,Head Configuration,75mm Half-Bowl Fluid Head,,,,,,,,7500000,8800000,4500000,TRUE,,,,,,shopify,25,DENY,3200,g,TRUE,manual,https://images.unsplash.com/photo-1543857778-c4a1a3e0b2eb?w=800&auto=format&fit=crop&q=80,1,LimiPod Heavy-Duty Carbon Video Tripod with Fluid Head,,FALSE,LimiPod Heavy-Duty Carbon Video Tripod with Fluid Head,LimiPod Heavy-Duty Carbon Video Tripod with Fluid Head - Professional Cinema & Media Gear,10-Layer Carbon Fiber Legs | Height Range: 45cm to 185cm | Safe Payload: 10kg | Net Weight: 3.2kg | Illuminated LED Bubble Level | Integrated Mid-Level Spreader,"1x 3-Stage Carbon Fiber Tripod Legs, 1x Professional Fluid Head with Pan Bar, 1x Manfrotto 501PL Sliding Quick-Release Plate, 1x Heavy-Duty Padded Travel Bag.","Manfrotto 501PL sliding plate; dual 1/4""-20 and 3/8""-16 camera mounting screws.",,,,,,,New,FALSE,,,,,
LimiPack Rugged Camera & Drone Backpack 25L,limipack-rugged-camera-drone-backpack-25l,"A 25L all-weather camera and drone backpack built from waterproof 900D TPU-coated tarpaulin with an IPX6 rating. Features customizable high-density EVA foam dividers accommodating up to 2 camera bodies, 4 telephoto lenses, and a foldable drone kit, alongside a dedicated 16"" shockproof laptop compartment.",LimiGear Bags,Luggage & Bags > Backpacks,Accessories,"backpack, camera-bag, waterproof, modular, travel",TRUE,Active,BAG-CAM25-BLACK,,Exterior Color,Stealth Matte Black,,,,,,,,3450000,3990000,2100000,TRUE,,,,,,shopify,35,DENY,1800,g,TRUE,manual,https://images.unsplash.com/photo-1546938576-6e6a64f317cc?w=800&auto=format&fit=crop&q=80,1,LimiPack Rugged Camera & Drone Backpack 25L,,FALSE,LimiPack Rugged Camera & Drone Backpack 25L,LimiPack Rugged Camera & Drone Backpack 25L - Professional Cinema & Media Gear,Material: 900D Tarpaulin with TPU Weatherproof Coating | Heavy-Duty YKK AquaGuard Zippers | Dimensions: 48 x 32 x 20 cm | Weight: 1.8kg | Rear-Access Security Entry,"1x 25L Tactical Camera Backpack, 8x Modular EVA Hook-and-Loop Dividers, 2x Side Tripod Fastening Straps, 1x Heavy-Rain Storm Cover.","Accommodates 2x Cinema/Mirrorless Bodies + 4x Cine Lenses + DJI Mavic/Mini Drone + 16"" Laptop.",,,,,,,New,FALSE,,,,,
,limipack-rugged-camera-drone-backpack-25l,,,,,,,,BAG-CAM25-GREEN,,,Ranger Army Green,,,,,,,,3450000,3990000,2100000,TRUE,,,,,,shopify,30,DENY,1800,g,TRUE,manual,,,,,,,,,,,,,,,,,,,,,,,
